Company Name,SIREN,Website,Main Activity,Business Sector,Detailed Sector,HQ Address,Zip Code,Department,Region Code,Employee Bracket,Number of Establishments,Revenue Year,Latest Revenue
"CREDIT LYONNAIS (LCL)","954509741","","64.19Z","Financial and insurance activities","Financial and Insurance","18 RUE DE LA REPUBLIQUE 69002 LYON","69002","69","84","41","3441","2024",3810000000
"ADECCO FRANCE (ADECCO FRANCE, LHH RECRUITMENT SOLUTIONS, AKKODIS TALENT, QAPA)","998823504","","78.20Z","Administrative and support service activities","Administrative and Support","2 RUE HENRI LEGAY 69100 VILLEURBANNE","69100","69","84","31","3270","2024",4150011520
"COMPTOIR ELECTRIQUE FRANCAIS (CEF)","319883344","","46.69A","Wholesale and retail trade; repair of motor vehicles and motorcycles","Trade: Wholesale (except Motor Vehicles)","PARC D'ACTIVITE DU BEL AIR 5 CHEMIN DU TOREY 69340 FRANCHEVILLE","69340","69","84","21","554","2022",915466057
"CAISSE D'EPARGNE ET DE PREVOYANCE DE RHONE ALPES (CERA(CAISSE EPARGNE)","384006029","","64.19Z","Financial and insurance activities","Financial and Insurance","116 COURS LAFAYETTE 69003 LYON","69003","69","84","41","443","2024",1679566000
"FEU VERT","327359980","","45.32Z","Wholesale and retail trade; repair of motor vehicles and motorcycles","Trade: Motor Vehicles and Repair","SERVICE JURIDIQUE 11 ALLEE DU MOULIN BERGER 69130 ECULLY","69130","69","84","32","304","2025",471406372
"LA VIE CLAIRE (LA VIE CLAIRE)","632000014","","47.11C","Wholesale and retail trade; repair of motor vehicles and motorcycles","Trade: Retail (except Motor Vehicles)","111 AVENUE MARCELIN BERTHELOT 69520 GRIGNY","69520","69","84","NN","249","2024",246934771
"ORGANISATION VOYAGES PLANCHE (AILLEURS BUSINESS) (OVP)","312326275","","79.11Z","Administrative and support service activities","Administrative and Support","20 AVENUE RENE CASSIN 69009 LYON","69009","69","84","12","185","2024",57849759
"OXYANE","775596885","","46.21Z","Wholesale and retail trade; repair of motor vehicles and motorcycles","Trade: Wholesale (except Motor Vehicles)","PARC EVEREST I 54 RUE MARCEL DASSAULT 69740 GENAS","69740","69","84","21","160","2024",733093000
"RUBIX FRANCE","320955396","","46.69B","Wholesale and retail trade; repair of motor vehicles and motorcycles","Trade: Wholesale (except Motor Vehicles)","61 AVENUE TONY GARNIER 69007 LYON","69007","69","84","22","376","2024",782206856
"FEDEX EXPRESS FR","973505357","","52.29A","Transportation and storage","Transportation and Storage","BP 7237 58 AVENUE LECLERC 69007 LYON","69007","69","84","22","192","2023",1958489318
"DARTY GRAND EST (DARTY)","303376586","","47.54Z","Wholesale and retail trade; repair of motor vehicles and motorcycles","Trade: Retail (except Motor Vehicles)","LIEU-DIT L'EPOUX 135 RTE NATIONALE 6 69760 LIMONEST","69760","69","84","31","140","2017",674211084
"FIRST STOP AYME","722620119","","45.31Z","Wholesale and retail trade; repair of motor vehicles and motorcycles","Trade: Motor Vehicles and Repair","17 - 19 17 RUE JEAN ZAY 69800 SAINT-PRIEST","69800","69","84","22","205","2024",267434364
"TOTALENERGIES PROXI SUD EST (T-PSE)","554500199","","46.71Z","Wholesale and retail trade; repair of motor vehicles and motorcycles","Trade: Wholesale (except Motor Vehicles)","42 COURS SUCHET 69002 LYON","69002","69","84","22","341","2024",789203918
"GROUPE MONDIAL TISSUS GMT","419487939","","47.51Z","Wholesale and retail trade; repair of motor vehicles and motorcycles","Trade: Retail (except Motor Vehicles)","ENTREE PRINCIPALE 840 ROUTE DU MAS-RILLIER 69140 RILLIEUX-LA-PAPE","69140","69","84","31","122","2023",111293865
"ADECCO MEDICAL (ADECCO MEDICAL)","682003991","","78.20Z","Administrative and support service activities","Administrative and Support","2 RUE HENRI LEGAY 69100 VILLEURBANNE","69100","69","84","21","305","2024",238010556
"BIOGROUP RHONE-ALPES","408396968","","86.90B","Human health and social work activities","Human Health and Social Work","6 AVENUE SIMONE VEIL 69150 DECINES-CHARPIEU","69150","69","84","21","108","2024",106091844
"CLAUGER (CLAUGER)","971506191","","33.20B","Manufacturing","Manufacturing: Furniture and Other","PARC D'ACTIVITE LES VALLIERES 7 RUE DE L'INDUSTRIE 69530 BRIGNAIS","69530","69","84","32","121","2024",363520726
"KUEHNE + NAGEL ROAD","493191407","","49.41A","Transportation and storage","Transportation and Storage","ZAC NORD EST 201 RUE LEON JOUHAUX 69400 VILLEFRANCHE-SUR-SAONE","69400","69","84","32","114","2024",921511918
"SOCIETE MENAGER EN DEFAUTS D'ASPECTS - DISTRIBUTION (M.D.A. DISTRIBUTION)","332470244","","47.54Z","Wholesale and retail trade; repair of motor vehicles and motorcycles","Trade: Retail (except Motor Vehicles)","ZAC LES CERISIERS 37 RUE DE L'ENTREPRISE 69380 LOZANNE","69380","69","84","12","109","2024",54713690
"SUEZ RV CENTRE EST","343488508","","38.21Z","Water supply; sewerage, waste management and remediation activities","Water, Waste and Remediation","UNIVERSAONE 18 RUE FELIX MANGINI 69009 LYON","69009","69","84","22","106","2024",294262193
"REGIE NETWORKS","339200669","","73.12Z","Professional, scientific and technical activities","Professional: Other Technical","134 AV 25EME RGT TIRAILLEURS SENEGALAIS 69009 LYON 9EME","69009","69","84","21","141","2024",59887703
"HUMANDO","401015938","","78.20Z","Administrative and support service activities","Administrative and Support","2 RUE HENRI LEGAY 69100 VILLEURBANNE","69100","69","84","02","107","2024",71099172
"ELIVIE","333954386","","77.29Z","Administrative and support service activities","Administrative and Support","77-79-PARKVIEW 77 BOULEVARD DE LA BATAILLE DE STALINGRAD 69100 VILLEURBANNE","69100","69","84","11","154","2024",306948570
"AKZO NOBEL DISTRIBUTION","529221079","","46.73B","Wholesale and retail trade; repair of motor vehicles and motorcycles","Trade: Wholesale (except Motor Vehicles)","2 AVENUE DE L'INDUSTRIE 69960 CORBAS","69960","69","84","12","227","2023",130257871
"REX ROTARY","383359510","","46.66Z","Wholesale and retail trade; repair of motor vehicles and motorcycles","Trade: Wholesale (except Motor Vehicles)","19 RUE DOMER 69007 LYON","69007","69","84","21","158","2024",112103006
"PURFER","332628171","","38.32Z","Water supply; sewerage, waste management and remediation activities","Water, Waste and Remediation","45 ROUTE DE SAINT-BONNET-DE-MURE 69780 SAINT-PIERRE-DE-CHANDIEU","69780","69","84","12","77","2025",422742061
"ASDIA","509180709","","47.78C","Wholesale and retail trade; repair of motor vehicles and motorcycles","Trade: Retail (except Motor Vehicles)","PARC ACTILAND 1 RUE DE LOMBARDIE 69800 SAINT-PRIEST","69800","69","84","21","104","2025",139704643
"3C","390323319","","66.21Z","Financial and insurance activities","Financial and Insurance","TOUR DE LA PART DIEU, 26IEME ETAGE 129 RUE SERVIENT 69003 LYON","69003","69","84","02","102","2024",34796846
"NICOLLIN SAS","775644149","","38.11Z","Water supply; sewerage, waste management and remediation activities","Water, Waste and Remediation","PARC DU MOULIN A VENT 33 AVENUE DU DOCTEUR GEORGES LEVY 69200 VENISSIEUX","69200","69","84","NN","78","2025",224991457
"CERBALLIANCE AUVERGNE RHONE ALPES","453635468","","86.90B","Human health and social work activities","Human Health and Social Work","14 RUE EDISON 69500 BRON","69500","69","84","NN","58","2024",65894414
"SNIPES","837894765","","47.72A","Wholesale and retail trade; repair of motor vehicles and motorcycles","Trade: Retail (except Motor Vehicles)","PARC TECHNOLAND   BATIMENT K 3 ALLEE DES ABRUZZES 69800 SAINT-PRIEST","69800","69","84","03","53","2024",82701205
"BEXLEY (BEXLEY SAS-CHAUSSURE.FR-BEXLEY.FR-BEXLEY.COM)","344434253","","47.72A","Wholesale and retail trade; repair of motor vehicles and motorcycles","Trade: Retail (except Motor Vehicles)","IMMEUBLE THOR 19 RUE LOUIS GUERIN 69100 VILLEURBANNE","69100","69","84","12","47","2024",74036022
"SOBECA","703780247","","42.22Z","Construction","Construction","ZONE INDUSTRIELLE AVENUE JEAN VACHER 69480 ANSE","69480","69","84","21","90","2024",314320444
"GENERALE FRIGORIFIQUE (GFF)","552130296","","46.69B","Wholesale and retail trade; repair of motor vehicles and motorcycles","Trade: Wholesale (except Motor Vehicles)","12 RUE DES FRERES LUMIERE 69720 SAINT-BONNET-DE-MURE","69720","69","84","22","86","2023",158776113
"DELTA SECURITY SOLUTIONS (IDS)","973510019","","80.20Z","Administrative and support service activities","Administrative and Support","PARC AFFAIRES DE DARDILLY CHEMIN DU CHATEAU D'EAU 69410 CHAMPAGNE-AU-MONT-D'OR","69410","69","84","21","125","2024",118898292
"COMPAGNIE NATIONALE DU RHONE (CNR)","957520901","","35.11Z","Electricity, gas, steam and air conditioning supply","Electricity, Gas, Steam and Air Conditioning","2 RUE ANDRE BONIN 69004 LYON","69004","69","84","41","57","2024",2935046000
"SOC GERANCE DISTRIBUTIONS EAU (SOGEDO)","301192803","","36.00Z","Water supply; sewerage, waste management and remediation activities","Water, Waste and Remediation","22 RUE CHILDEBERT 69002 LYON","69002","69","84","NN","79","2024",109545568
"EPALIA","330000878","","16.24Z","Manufacturing","Manufacturing: Wood, Paper and Printing","23-25 23 RUE PAUL DUVIVIER 69007 LYON","69007","69","84","NN","64","2024",62235251
"SARP CENTRE EST (AC SARP CENTRE EST - AC SANIVEM)","315588012","","37.00Z","Water supply; sewerage, waste management and remediation activities","Water, Waste and Remediation","BAT 1C - 2EME ETAGE - 69142 RILLIEUX-LA-PAPE CEDEX 160 RUE PIERRE FALLION 69140 RILLIEUX-LA-PAPE","69140","69","84","12","47","2024",39819641
"XPO DISTRIBUTION FRANCE (XPO DISTRIB FR)","383242161","","49.41A","Transportation and storage","Transportation and Storage","192 AVENUE THIERS 69006 LYON","69006","69","84","NN","97","2024",478586301
"EIFFAGE ROUTE CENTRE EST","398827113","","42.11Z","Construction","Construction","3 RUE HRANT DINK 69002 LYON","69002","69","84","21","56","2024",404448643
"VOLVO TRUCKS FRANCE","379134166","","45.20B","Wholesale and retail trade; repair of motor vehicles and motorcycles","Trade: Motor Vehicles and Repair","TER A50 2 72 99 ROUTE DE LYON 69800 SAINT-PRIEST","69800","69","84","22","86","2024",371197800
"ADECCO GROUPE FRANCE","451148209","","82.11Z","Administrative and support service activities","Administrative and Support","2 RUE HENRI LEGAY 69100 VILLEURBANNE","69100","69","84","41","77","2024",135149219
"SOC LYON PARC AUTO POUR REALISAT GESTION","969505452","","52.21Z","Transportation and storage","Transportation and Storage","2 PLACE DES CORDELIERS 69002 LYON","69002","69","84","31","39","2024",54138238
"MILLE ET UN REPAS","410911044","","56.29B","Accommodation and food service activities","Accommodation and Food Services","IMMEUBLE SPARK 9 ROUTE DU PEROLLIER 69570 DARDILLY","69570","69","84","NN","50","2025",65083104
"SOUFFLET VIGNE","623780178","","46.75Z","Wholesale and retail trade; repair of motor vehicles and motorcycles","Trade: Wholesale (except Motor Vehicles)","LE PONT ROUGE RTE NATIONALE 6 69400 LIMAS","69400","69","84","21","66","2024",92569500
"ETABLISSEMENTS DESCOURS ET CABAUD RHONE ALPES AUVERGNE","424821221","","46.74A","Wholesale and retail trade; repair of motor vehicles and motorcycles","Trade: Wholesale (except Motor Vehicles)","FACADE RUE 176 AVENUE FRANCIS DE PRESSENSE 69200 VENISSIEUX","69200","69","84","21","43","2024",298119857
"DESAUTEL","955503982","","28.29B","Manufacturing","Manufacturing: Electronics, Electrical and Machinery","99 RUE PIERRE CORNEILLE 69003 LYON","69003","69","84","21","77","2017",168568000
"ONYX AUVERGNE RHONE ALPES (ONYX ARA)","302590898","","38.11Z","Water supply; sewerage, waste management and remediation activities","Water, Waste and Remediation","2-4 2 AVENUE DES CANUTS 69120 VAULX-EN-VELIN","69120","69","84","01","64","2024",183734825
"GIRARDON MATERIAUX (GIRARDON MATERIAUX)","419893235","","46.73A","Wholesale and retail trade; repair of motor vehicles and motorcycles","Trade: Wholesale (except Motor Vehicles)","10 ALLEE IRENE JOLIOT CURIE 69800 SAINT-PRIEST","69800","69","84","12","30","2024",127607060
"CFDP ASSURANCES (CFDP) (CFDP)","958506156","","65.12Z","Financial and insurance activities","Financial and Insurance","62 RUE DE BONNEL 69003 LYON","69003","69","84","21","198","2022",74427041
"CABINET D'ETUDES MARC MERLIN (CABINET MERLIN)","428634356","","71.12B","Professional, scientific and technical activities","Professional: Legal, Consulting, Engineering","6 RUE GROLEE 69002 LYON","69002","69","84","22","62","2024",67352840
"EKIUM","390596039","","71.12B","Professional, scientific and technical activities","Professional: Legal, Consulting, Engineering","5 RUE ABRAHAM BLOCH 69007 LYON","69007","69","84","41","53","2024",154660541
"NOVELAB","489928655","","86.90B","Human health and social work activities","Human Health and Social Work","45 RUE VICTOR HUGO 69220 BELLEVILLE-EN-BEAUJOLAIS","69220","69","84","12","32","2024",30919073
"BRENNTAG SA","709801781","","46.75Z","Wholesale and retail trade; repair of motor vehicles and motorcycles","Trade: Wholesale (except Motor Vehicles)","2-4 RUE JOSEPH NICEPHORE NIEPCE 69740 GENAS","69740","69","84","NN","45","2024",422473222
"BMVIROLLE","479980914","","52.29A","Transportation and storage","Transportation and Storage","30-40 30 RUE PIERRE SEMARD 69800 SAINT-PRIEST","69800","69","84","22","44","2024",141469231
"GROUPE PROGRES SA","321263683","","58.13Z","Information and communication","Communication: Media and Publishing","4 RUE PAUL MONTROCHET 69002 LYON","69002","69","84","22","81","2024",84898083
"FRANCE BOISSONS RHONE ALPES","310455043","","46.34Z","Wholesale and retail trade; repair of motor vehicles and motorcycles","Trade: Wholesale (except Motor Vehicles)","73 RUE MARCEL MERIEUX 69960 CORBAS","69960","69","84","22","67","2024",227956073
"RG FRANCE","442278453","","46.69B","Wholesale and retail trade; repair of motor vehicles and motorcycles","Trade: Wholesale (except Motor Vehicles)","38 ROUTE DE SAINT-SYMPHORIEN D'OZON 69800 SAINT-PRIEST","69800","69","84","21","30","2024",236770111
"SOCIETE NOUVELLE DES ARMATURES ASSEMBLEES MURE (S.N.A.A.M.)","418108569","","25.93Z","Manufacturing","Manufacturing: Basic Metals and Fabricated Products","23 RUE DU PROGRES 69800 SAINT-PRIEST","69800","69","84","12","28","2024",153740112
"CLASQUIN","959503087","","52.29B","Transportation and storage","Transportation and Storage","IMMEUBLE LE RHONE ALPES 235 COURS LAFAYETTE 69006 LYON","69006","69","84","21","39","2024",679463000
"MESTRE (MESTRE ET ESPACE AUBADE)","957515703","","46.74B","Wholesale and retail trade; repair of motor vehicles and motorcycles","Trade: Wholesale (except Motor Vehicles)","697 AVENUE CHARLIE CHAPLIN 69800 SAINT-PRIEST","69800","69","84","21","25","2024",104044370
"EDF SOLUTIONS SOLAIRES","433160900","","43.21A","Construction","Construction","ETAGE 2 150 ALLEE DES NOISETIERS 69760 LIMONEST","69760","69","84","41","62","2024",429248964
"AREA (AREA)","702027871","","52.21Z","Transportation and storage","Transportation and Storage","22 D AVENUE LIONEL TERRAY 69330 JONAGE","69330","69","84","31","34","2024",786700000
"DIMOTRANS GLOBAL TRANSPORT","879401826","","52.29B","Transportation and storage","Transportation and Storage","CHEMIN DU BOIS DES AIES 69330 PUSIGNAN","69330","69","84","21","25","2024",107419824
"EGIS VILLES ET TRANSPORTS (EGIS FRANCE                                                 FRANCE)","493334429","","71.12B","Professional, scientific and technical activities","Professional: Legal, Consulting, Engineering","170 AVENUE THIERS 69006 LYON","69006","69","84","21","88","2024",115094000
"TRANSPORTS P. FATTON (FATTON LOGISTIQUE - FATTON INTERNATIONAL - FATTON EUROPE - FATTON OVERSEAS - FATTON SEA & AIR -)","956508469","","52.29B","Transportation and storage","Transportation and Storage","LE PREMIUM 131 BOULEVARD DE LA BATAILLE DE STALINGRAD 69100 VILLEURBANNE","69100","69","84","12","47","2023",137721000
"NGE FONDATIONS","348099987","","43.12A","Construction","Construction","29/31 29 RUE DES TACHES 69800 SAINT-PRIEST","69800","69","84","22","23","2024",230537864
"CYPATH","437754427","","86.22C","Human health and social work activities","Human Health and Social Work","201 ROUTE DE GENAS 69100 VILLEURBANNE","69100","69","84","22","28","2024",70843729
"AD3","420937229","","96.01A","Other service activities","Other Services","71 CHEMIN DU MOULIN CARRON 69570 DARDILLY","69570","69","84","32","19","2024",33142458
"BOIRON","967504697","","21.20Z","Manufacturing","Manufacturing: Chemicals, Pharma and Petroleum","2 AVENUE DE L'OUEST LYONNAIS 69510 MESSIMY","69510","69","84","42","98","2024",487559000
"CEGID","410218010","","63.11Z","Information and communication","Information Technology and Services","52 QUAI PAUL SEDALLIAN 69009 LYON","69009","69","84","42","95","2024",664193000
"LES SINOPLIES","392469268","","87.10A","Human health and social work activities","Human Health and Social Work","7 CHEMIN DU GAREIZIN 69340 FRANCHEVILLE","69340","69","84","NN","24","2024",66044236
"XPO LOGISTICS RHONE-ALPES FRANCE (XPO RHONE-ALPES FR)","332588995","","49.41A","Transportation and storage","Transportation and Storage","192 AVENUE THIERS 69006 LYON","69006","69","84","NN","52","2024",71451252
"BOCCARD FRANCE","956501258","","33.20A","Manufacturing","Manufacturing: Furniture and Other","158 AVENUE ROGER SALENGRO 69100 VILLEURBANNE","69100","69","84","41","28","2020",196361630
"CARS PHILIBERT","961505591","","49.39A","Transportation and storage","Transportation and Storage","24-26 24 AVENUE BARTHELEMY THIMONNIER 69300 CALUIRE-ET-CUIRE","69300","69","84","22","28","2024",62678491
"OMERIS RESEAU FRANCE (RESIDENCE DES CANUTS)","889471058","","87.10A","Human health and social work activities","Human Health and Social Work","22 RUE PASTEUR 69300 CALUIRE-ET-CUIRE","69300","69","84","21","18","2024",74262087
"EODD INGENIEURS CONSEILS","383812666","","71.12B","Professional, scientific and technical activities","Professional: Legal, Consulting, Engineering","171-173 171 RUE LEON BLUM 69100 VILLEURBANNE","69100","69","84","21","37","2024",27474531
"O-I FRANCE SAS","339030702","","23.13Z","Manufacturing","Manufacturing: Rubber, Plastic and Minerals","2 RUE MAURICE MOISSONNIER 69120 VAULX-EN-VELIN","69120","69","84","22","34","2024",761446000
"EDILIANS","449354224","","23.32Z","Manufacturing","Manufacturing: Rubber, Plastic and Minerals","65 CHEMIN DU MOULIN CARRON 69570 DARDILLY","69570","69","84","21","33","2023",411324858
"LINDE HOMECARE FRANCE","397908435","","77.29Z","Administrative and support service activities","Administrative and Support","LES JARDINS DU LOU BATIMENT 5 70 AVENUE TONY GARNIER 69007 LYON","69007","69","84","NN","70","2024",43181335
"GROUPE LDLC (FRE - MULTI EXPEDITIONS - SOLAARI - HARDWARE.FR - TOP ACHAT)","403554181","","47.91B","Wholesale and retail trade; repair of motor vehicles and motorcycles","Trade: Retail (except Motor Vehicles)","CS21035 2 RUE DES ERABLES 69760 LIMONEST","69760","69","84","31","36","2023",571458000
"SERPOL","326233913","","39.00Z","Water supply; sewerage, waste management and remediation activities","Water, Waste and Remediation","PARC D'ACTIVITE 2 CHEMIN DU GENIE 69200 VENISSIEUX","69200","69","84","12","23","2024",40062729
"RHODIA OPERATIONS","622037083","","20.14Z","Manufacturing","Manufacturing: Chemicals, Pharma and Petroleum","SILEX 2 SOLVAY 9 RUE DES CUIRASSIERS 69003 LYON","69003","69","84","32","33","2024",441928208
"TRANSDEV RHONE ALPES","380310060","","49.39A","Transportation and storage","Transportation and Storage","5 CHEMIN DES PLATTES 69390 VOURLES","69390","69","84","11","52","2024",40187613
"VISIATIV SOLUTIONS ENTREPRISE","387495799","","62.01Z","Information and communication","Information Technology and Services","26 RUE BENOIT BENNIER 69260 CHARBONNIERES-LES-BAINS","69260","69","84","22","47","2024",84495737
"INEO RHONE ALPES AUVERGNE","409899127","","43.21A","Construction","Construction","30 RUE AUGUSTE FRESNEL 69800 SAINT-PRIEST","69800","69","84","22","38","2025",84826231
"REEL","962501318","","33.12Z","Manufacturing","Manufacturing: Furniture and Other","69 RUE DE LA CHAUX 69450 SAINT-CYR-AU-MONT-D'OR","69450","69","84","32","26","2024",343426175
"FONCIA LYON","973502719","","68.32A","Real estate activities","Real Estate","3 ET 5 RUE DE GENEVE ANGLE 9 11 RUE JEAN NOVEL 69006 LYON","69006","69","84","NN","37","2024",29199503
"SOGEA RHONE-ALPES","344352448","","42.21Z","Construction","Construction","55 RUE DE LA SOIE 69100 VILLEURBANNE","69100","69","84","NN","58","2024",81816407
"LS SERVICES (ISIOHM)","402525000","","82.99Z","Administrative and support service activities","Administrative and Support","1 RUE DU PROGRES 69800 SAINT-PRIEST","69800","69","84","12","34","2021",31893904
"BODYCOTE (BODYCOTE)","696780428","","25.61Z","Manufacturing","Manufacturing: Basic Metals and Fabricated Products","PARC MAIL BATIMENT A 6 ALLEE IRENE JOLIOT CURIE 69800 SAINT-PRIEST","69800","69","84","NN","41","2024",105135308
"AKKODIS HIGH TECH SAS (AKKODIS)","441403193","","71.12B","Professional, scientific and technical activities","Professional: Legal, Consulting, Engineering","2 RUE HENRI LEGAY 69100 VILLEURBANNE","69100","69","84","NN","44","2024",155700597
"AMARIS FRANCE SAS","511199226","","62.02A","Information and communication","Information Technology and Services","25 BOULEVARD EUGENE DERUELLE 69003 LYON","69003","69","84","31","29","2024",139951902
"GSF MERCURE","308185503","","81.21Z","Administrative and support service activities","Administrative and Support","323 RUE ANDRE PHILIP 69003 LYON","69003","69","84","03","27","2024",84018205
"ALDES FRANCE","907819528","","46.69B","Wholesale and retail trade; repair of motor vehicles and motorcycles","Trade: Wholesale (except Motor Vehicles)","20 BOULEVARD IRENE JOLIOT CURIE 69200 VENISSIEUX","69200","69","84","21","13","2024",190723582
"EVERIAL","350553863","","52.10B","Transportation and storage","Transportation and Storage","1691 AVENUE DE L'HIPPODROME 69140 RILLIEUX-LA-PAPE","69140","69","84","22","40","2024",41615534
"AKKODIS DIGITAL SAS (MODIS AKKODIS)","353150261","","62.02A","Information and communication","Information Technology and Services","2 RUE HENRI LEGAY 69100 VILLEURBANNE","69100","69","84","NN","53","2024",229141942
"BIOMERIEUX SA (BIOMERIEUX)","673620399","","20.59Z","Manufacturing","Manufacturing: Chemicals, Pharma and Petroleum","376 CHEMIN DE L'ORME 69280 MARCY-L'ETOILE","69280","69","84","42","20","2024",3979900000
"AKKODIS FRANCE SAS (AKKODIS)","391136108","","82.99Z","Administrative and support service activities","Administrative and Support","2 RUE HENRI LEGAY 69100 VILLEURBANNE","69100","69","84","NN","32","2024",175883882
"LINDE FRANCE (AGA MEDICAL SA - LINDE HEALTHCARE - LINDE GAS)","392631248","","20.11Z","Manufacturing","Manufacturing: Chemicals, Pharma and Petroleum","LES JARDINS DU LOU BATIMENT 5 70 AVENUE TONY GARNIER 69007 LYON","69007","69","84","21","36","2024",351656206
"E 2 S","408468213","","43.22B","Construction","Construction","15 A AVENUE ALBERT EINSTEIN 69100 VILLEURBANNE","69100","69","84","11","28","2024",46415960
"CENTRAL AUTOS (GROUPE CENTRAL AUTOS)","780096376","","45.11Z","Wholesale and retail trade; repair of motor vehicles and motorcycles","Trade: Motor Vehicles and Repair","49 B BOULEVARD LUCIEN SAMPAIX 69190 SAINT-FONS","69190","69","84","21","15","2024",157197668
"GVA BYMYCAR LYON (BY MY CAR)","398458752","","45.11Z","Wholesale and retail trade; repair of motor vehicles and motorcycles","Trade: Motor Vehicles and Repair","65 RUE DU SOUVENIR 69009 LYON","69009","69","84","22","18","2024",418520957
"ORONA","430243857","","43.29B","Construction","Construction","LE PARC DES SAULES 52 AVENUE JEAN JAURES 69600 OULLINS-PIERRE-BENITE","69600","69","84","21","21","2024",62564903
"EIFFAGE ENERGIE SYSTEMES - CLEVIA CENTRE EST","518137864","","43.21A","Construction","Construction","10 BOULEVARD MARCEL DASSAULT 69330 JONAGE","69330","69","84","32","20","2024",164097915
"ERAS (ERAS)","381307636","","71.12B","Professional, scientific and technical activities","Professional: Legal, Consulting, Engineering","URBAN GARDEN 6 RUE ALEXANDER FLEMING 69007 LYON","69007","69","84","22","46","2024",41413649
"ANAVEO","424925790","","80.20Z","Administrative and support service activities","Administrative and Support","10 RUE DES ROSIERISTES 69410 CHAMPAGNE-AU-MONT-D'OR","69410","69","84","22","40","2024",69320722
"TRANSPORTS RAPIDES J BESSON ET CIE","775649965","","52.29A","Transportation and storage","Transportation and Storage","2 RUE PIERRE MENDES FRANCE 69120 VAULX-EN-VELIN","69120","69","84","21","25","2024",42119341
"PAREDES DISTRIBUTION FRANCE","407995505","","46.69C","Wholesale and retail trade; repair of motor vehicles and motorcycles","Trade: Wholesale (except Motor Vehicles)","Z.I. DE REVOISSON 1 RUE GEORGES BESSE 69740 GENAS","69740","69","84","22","13","2022",134141160
"SUEZ RR IWS CHEMICALS FRANCE","444548440","","38.22Z","Water supply; sewerage, waste management and remediation activities","Water, Waste and Remediation","2 RTE DE LA CENTRALE 69700 GIVORS","69700","69","84","NN","17","2024",117396749
"SULLY GROUP","399091339","","62.02A","Information and communication","Information Technology and Services","PARC TECHNOLOGIQUE WOODSTOCK/DOUGLAS 5 97 ALLEE ALEXANDRE BORODINE 69800 SAINT-PRIEST","69800","69","84","31","31","2024",77713415
"OMNITRANS","401502950","","49.41A","Transportation and storage","Transportation and Storage","ZONE INDUSTRIELLE CHATEAU DE L'ILE 6 RUE LOUISE MICHEL 69320 FEYZIN","69320","69","84","22","18","2024",65863735
"INEO NUCLEAIRE","409899077","","43.21A","Construction","Construction","6 RUE ALEXANDER FLEMING 69007 LYON","69007","69","84","12","27","2025",231690025
"CIE EUROPEENNE DE SERVICE CIAL (CESC)","479739260","","43.22B","Construction","Construction","13 BOULEVARD MONGE 69330 MEYZIEU","69330","69","84","31","12","2024",26600365
"MANITOWOC CRANE GROUP FRANCE OU         MCG FRANCE","632045837","","28.22Z","Manufacturing","Manufacturing: Electronics, Electrical and Machinery","66 CHEMIN DU MOULIN CARRON 69570 DARDILLY","69570","69","84","31","39","2024",492238040
"BAYER SAS","562038893","","20.20Z","Manufacturing","Manufacturing: Chemicals, Pharma and Petroleum","74 RUE GORGE DE LOUP 69009 LYON","69009","69","84","NN","61","2024",1230786083
"DECITRE","956513147","","47.91B","Wholesale and retail trade; repair of motor vehicles and motorcycles","Trade: Retail (except Motor Vehicles)","CITE BERLIET 15 B AV C 69800 SAINT-PRIEST","69800","69","84","NN","37","2024",54753942
"BAYER SEEDS SAS","420019812","","72.19Z","Professional, scientific and technical activities","Professional: Research and Development","74 RUE GORGE DE LOUP 69009 LYON","69009","69","84","NN","32","2025",293228919
"BOUYGUES BATIMENT SUD-EST","731620316","","41.20B","Construction","Construction","18 RUE GENERAL MOUTON-DUVERNET 69003 LYON","69003","69","84","32","37","2024",406458845
"SOCIETE DE TRAVAUX ELECTRIQUES DU BUGEY (SOTEB)","546720079","","43.21A","Construction","Construction","AIRPARC, LYON SAINT EXUPERY AEROPORT 160 RUE DE NORVEGE 69124 COLOMBIER-SAUGNIEU","69124","69","84","01","24","2024",77480773
"OPMOBILITY EXTERIOR FRANCE","451399729","","29.32Z","Manufacturing","Manufacturing: Transport Equipment","19 BOULEVARD JULES CARTERET 69007 LYON","69007","69","84","NN","10","2024",446893642
"SPIE BATIGNOLLES SUD EST","343337275","","43.99C","Construction","Construction","68 CHEMIN DU MOULIN CARRON 69570 DARDILLY","69570","69","84","22","46","2024",145281645
"ALTECA (ALTECA)","404208035","","62.01Z","Information and communication","Information Technology and Services","45 RUE ANATOLE FRANCE 69100 VILLEURBANNE","69100","69","84","NN","35","2024",60249104
"RENAULT TRUCKS MARSEILLE","302472501","","45.19Z","Wholesale and retail trade; repair of motor vehicles and motorcycles","Trade: Motor Vehicles and Repair","TER A50 2 72 99 ROUTE DE LYON 69800 SAINT-PRIEST","69800","69","84","NN","14","2024",75394000
"DELTA SERVICE LOCATION (DSL)","318743473","","77.32Z","Administrative and support service activities","Administrative and Support","PARC ACTIVITE DES TAILLIS RUE DE SAVOIE 69960 CORBAS","69960","69","84","21","18","2024",56250796
"RENAULT TRUCKS (RT)","954506077","","29.10Z","Manufacturing","Manufacturing: Transport Equipment","99 ROUTE DE LYON 69800 SAINT-PRIEST","69800","69","84","51","57","2024",6420400000
"CIRIL GROUP","305163040","","62.02A","Information and communication","Information Technology and Services","49 AVENUE ALBERT EINSTEIN 69100 VILLEURBANNE","69100","69","84","32","18","2024",64320881
"RHONE-ALPES DISTRIBUTION (GRAND LYON BOISSONS)","789694262","","46.34Z","Wholesale and retail trade; repair of motor vehicles and motorcycles","Trade: Wholesale (except Motor Vehicles)","15 RUE DE GENEVE 69800 SAINT-PRIEST","69800","69","84","21","18","2024",92329883
"IN EXTENSO AUVERGNE RHONE ALPES","434713871","","69.20Z","Professional, scientific and technical activities","Professional: Legal, Consulting, Engineering","53 AVENUE ALBERT EINSTEIN 69100 VILLEURBANNE","69100","69","84","21","20","2024",22474143
"IVECO FRANCE","419683818","","45.19Z","Wholesale and retail trade; repair of motor vehicles and motorcycles","Trade: Motor Vehicles and Repair","PORTE E 1 RUE DES COMBATS DU 24 AOUT 44 69200 VENISSIEUX","69200","69","84","32","29","2024",2397994300
"LFB FRANCE","309528115","","28.25Z","Manufacturing","Manufacturing: Electronics, Electrical and Machinery","Z.I. LES MEURIERES 6 RUE DES ALBATROS 69780 MIONS","69780","69","84","22","30","2024",142893092
"PCAS (PCAS)","622019503","","20.14Z","Manufacturing","Manufacturing: Chemicals, Pharma and Petroleum","21 ECULLY PARC, 21 CHEMIN DE LA SAUVEGARDE 69130 ECULLY","69130","69","84","12","12","2022",226356000
"SARPI REMEDIATION FRANCE","379578883","","39.00Z","Water supply; sewerage, waste management and remediation activities","Water, Waste and Remediation","17 RUE DU PERIGORD 69330 MEYZIEU","69330","69","84","22","23","2024",48477715
"T S E FRANCE","390162246","","49.41A","Transportation and storage","Transportation and Storage","64 AVENUE DES FRERES MONTGOLFIER 69740 GENAS","69740","69","84","12","21","2024",37097107
"FLORETTE FRANCE","451353734","","10.39A","Manufacturing","Manufacturing: Food, Beverages and Tobacco","CITE PARK BATIMENT F 23 AVENUE DE POUMEYROL 69300 CALUIRE-ET-CUIRE","69300","69","84","22","8","2024",338657435
"ALDES (ALDES)","956506828","","28.25Z","Manufacturing","Manufacturing: Electronics, Electrical and Machinery","20 BOULEVARD IRENE JOLIOT CURIE 69200 VENISSIEUX","69200","69","84","32","51","2024",379494000
"FRANCE FRAIS RHONE ALPES (BROC SERVICE FRAIS)","957521750","","46.33Z","Wholesale and retail trade; repair of motor vehicles and motorcycles","Trade: Wholesale (except Motor Vehicles)","ZI DES ISLES RUE LOUISE MICHEL 69320 FEYZIN","69320","69","84","31","17","2024",145314542
"KEM ONE","538695040","","20.16Z","Manufacturing","Manufacturing: Chemicals, Pharma and Petroleum","IMMEUBLE LE QUADRILLE 19 RUE JACQUELINE AURIOL 69008 LYON","69008","69","84","22","12","2024",1024850008
"XPO VRAC FRANCE (XPO VRAC FR)","798867297","","49.41A","Transportation and storage","Transportation and Storage","192 AVENUE THIERS 69006 LYON","69006","69","84","NN","13","2024",86087729
"IMMOBILIERE RHONE ALPES SA D'HLM","398115808","","68.20A","Real estate activities","Real Estate","9 RUE ANNA MARLY 69007 LYON","69007","69","84","21","16","2017",108728292
"SOLUSTIL","398142299","","25.50B","Manufacturing","Manufacturing: Basic Metals and Fabricated Products","109 RUE DE L'ABBAYE 69400 ARNAS","69400","69","84","22","15","2024",66349414
"SPECIALTY OPERATIONS FRANCE","922031505","","20.14Z","Manufacturing","Manufacturing: Chemicals, Pharma and Petroleum","IMMEUBLE SILEX 2 SOLVAY 9 RUE DES CUIRASSIERS 69003 LYON","69003","69","84","32","8","2024",554449444
"ALPTIS ASSURANCES","335244489","","66.22Z","Financial and insurance activities","Financial and Insurance","25 COURS ALBERT THOMAS 69003 LYON","69003","69","84","32","22","2024",152391342
"ATLANTIC CLIMATISATION ET TRAITEMENT D AIR INDUSTRIE (ACTA INDUSTRIE)","421370289","","46.69B","Wholesale and retail trade; repair of motor vehicles and motorcycles","Trade: Wholesale (except Motor Vehicles)","Z.I. 13 BOULEVARD MONGE 69330 MEYZIEU","69330","69","84","32","9","2024",73786455
"EIFFAGE ENERGIE SYSTEMES - INFRA RHONE ALPES (EES - INFRA RA)","808464515","","43.21A","Construction","Construction","140 ROUTE DU BOIS DU MAINE 69210 SAVIGNY","69210","69","84","21","11","2024",53277294
"CAMPENON BERNARD CENTRE EST","493452015","","42.13A","Construction","Construction","55 RUE DE LA SOIE 69100 VILLEURBANNE","69100","69","84","NN","11","2024",458943135
"AER","510686751","","42.11Z","Construction","Construction","3 RUE HRANT DINK 69002 LYON","69002","69","84","11","12","2024",74334240
"INEO POSTES ET CENTRALES","419212840","","43.21A","Construction","Construction","LE PHERIPHERIQUE 16 RUE DES BROSSES 69100 VILLEURBANNE","69100","69","84","21","14","2025",109857898
"BOUYGUES E&S MAINTENANCE INDUSTRIELLE","322491127","","33.12Z","Manufacturing","Manufacturing: Furniture and Other","ZA DU CHATEAU 12 RUE HENRI BECQUEREL 69320 FEYZIN","69320","69","84","21","17","2024",23725265
"LYSALTO","821407277","","78.30Z","Administrative and support service activities","Administrative and Support","EFOR GROUP LYSALTO 19 RUE DES ROSIERISTES 69410 CHAMPAGNE-AU-MONT-D'OR","69410","69","84","NN","20","2022",21550698
"FOSELEV AGINTIS (FOSELEV AGINTIS)","477645626","","33.11Z","Manufacturing","Manufacturing: Furniture and Other","211 AVENUE FRANCIS DE PRESSENSE 69200 VENISSIEUX","69200","69","84","32","14","2024",90529292
"GERFLOR","726580152","","46.73B","Wholesale and retail trade; repair of motor vehicles and motorcycles","Trade: Wholesale (except Motor Vehicles)","BATIMENT B   CAMPUS VERRAZZANO 1 PLACE GIOVANNI DA VERRAZZANO 69009 LYON","69009","69","84","12","11","2024",673847574
"SAMSON REGULATION","788165603","","28.14Z","Manufacturing","Manufacturing: Electronics, Electrical and Machinery","1 RUE JEAN CORONA 69120 VAULX-EN-VELIN","69120","69","84","32","19","2024",79032790
"MUTUAL LOGISTICS ENF (MUTUAL LOGISTICS) (ML ENF)","411545023","","52.29B","Transportation and storage","Transportation and Storage","PARC MAIL - BATIMENT H 523 COURS DU TROISIEME MILLENAIRE 69800 SAINT-PRIEST","69800","69","84","NN","18","2024",41677962
"MAISAVIA (AUTOCARS MAISONNEUVE)","315384867","","49.39A","Transportation and storage","Transportation and Storage","521 AV DE L'EUROPE 69220 BELLEVILLE-EN-BEAUJOLAIS","69220","69","84","22","19","2024",32266339
"OLYMPIQUE LYONNAIS","385071881","","93.11Z","Arts, entertainment and recreation","Arts, Entertainment and Recreation","3EME ETAGE 10 AVENUE SIMONE VEIL 69150 DECINES-CHARPIEU","69150","69","84","21","14","2024",155631125
"RENAULT TRUCKS GRAND PARIS","448970251","","45.19Z","Wholesale and retail trade; repair of motor vehicles and motorcycles","Trade: Motor Vehicles and Repair","TER A50 2 72 99 ROUTE DE LYON 69800 SAINT-PRIEST","69800","69","84","NN","13","2024",96006000
"DIAVERUM PROVENCE (SOMEDIA)","423492792","","86.10Z","Human health and social work activities","Human Health and Social Work","190 AVENUE THIERS 69006 LYON","69006","69","84","NN","19","2024",29218815
"RESONANCE","824007520","","71.12B","Professional, scientific and technical activities","Professional: Legal, Consulting, Engineering","416 RUE DU CHATEAU 69480 LACHASSAGNE","69480","69","84","NN","10","2024",70249613
"SERPOLLET (CHARGEMOOV)","958506289","","42.22Z","Construction","Construction","2 CHEMIN DU GENIE 69200 VENISSIEUX","69200","69","84","32","15","2024",87847706
"PANZANI (PANZANI)","961503422","","10.73Z","Manufacturing","Manufacturing: Food, Beverages and Tobacco","141 COURS GAMBETTA 69003 LYON","69003","69","84","32","26","2024",662288000
"BOEHRINGER INGELHEIM ANIMAL HEALTH FRANCE","590800215","","21.20Z","Manufacturing","Manufacturing: Chemicals, Pharma and Petroleum","29 AVENUE TONY GARNIER 69007 LYON","69007","69","84","41","22","2024",679595898
"SOCIETE FONCIERE P.L.M.","377518436","","55.10Z","Accommodation and food service activities","Accommodation and Food Services","2 RUE GUYNEMER 69002 LYON","69002","69","84","NN","11","2024",65638956
"HOLDING TEXTILE HERMES","592028542","","14.19Z","Manufacturing","Manufacturing: Textiles, Apparel and Leather","16 CHEMIN DES MURIERS 69310 OULLINS-PIERRE-BENITE","69310","69","84","32","13","2024",288113259
"LSEHL","410545313","","71.20B","Professional, scientific and technical activities","Professional: Legal, Consulting, Engineering","4 AVENUE JEAN MOULIN 69200 VENISSIEUX","69200","69","84","41","9","2024",78685433
"ATLANTIC CLIMATISATION ET TRAITEMENT D'AIR COMMERCE (ACTA COMMERCE)","880065537","","46.74B","Wholesale and retail trade; repair of motor vehicles and motorcycles","Trade: Wholesale (except Motor Vehicles)","13 BOULEVARD MONGE 69330 MEYZIEU","69330","69","84","32","7","2024",347640567
"EGIS RAIL","968502559","","71.12B","Professional, scientific and technical activities","Professional: Legal, Consulting, Engineering","168-170 AVENUE THIERS 69006 LYON","69006","69","84","32","13","2024",282702000
"AMILTONE","538949108","","62.02A","Information and communication","Information Technology and Services","LE PRESIDENT 76 BOULEVARD DU 11 NOVEMBRE 1918 69100 VILLEURBANNE","69100","69","84","31","14","2024",26060730
"FORLAM CLOTURE INDUSTRIE (FCI)","908274822","","25.93Z","Manufacturing","Manufacturing: Basic Metals and Fabricated Products","23 RUE TRAMASSAC 69005 LYON","69005","69","84","21","6","2024",54451724
"STANLEY BLACK & DECKER FRANCE SAS (BD)","954507521","","46.69A","Wholesale and retail trade; repair of motor vehicles and motorcycles","Trade: Wholesale (except Motor Vehicles)","62 CHEMIN DE LA BRUYERE 69570 DARDILLY","69570","69","84","31","16","2022",421148269
"HOWDEN SOLYVENT-VENTEC (HOWDEN SOLYVENT-VENTEC)","327657631","","28.25Z","Manufacturing","Manufacturing: Electronics, Electrical and Machinery","143 RUE DE LA REPUBLIQUE 69330 MEYZIEU","69330","69","84","22","30","2023",48290489
"KEOLIS LYON","308077635","","49.31Z","Transportation and storage","Transportation and Storage","19 BOULEVARD MARIUS VIVIER-MERLE 69003 LYON","69003","69","84","51","6","2024",522921953
"XPO LOGISTICS OUEST FRANCE (XPO OUEST FR)","311686703","","52.29B","Transportation and storage","Transportation and Storage","192 AVENUE THIERS 69006 LYON","69006","69","84","NN","18","2024",54711933
"SOLUTEC (AUBAY - SOLUTEC)","381345941","","62.02A","Information and communication","Information Technology and Services","10 RUE JOANNES CARRET 69009 LYON","69009","69","84","NN","22","2024",112245960
"DCS EASYWARE","797080397","","62.03Z","Information and communication","Information Technology and Services","LE BRITANNIA A 20 BOULEVARD EUGENE DERUELLE 69003 LYON","69003","69","84","32","23","2024",52171997
"DELAWARE CONSULTING","515285047","","62.02A","Information and communication","Information Technology and Services","IMMEUBLE L ECHO 55 AVENUE PAUL KRUGER 69100 VILLEURBANNE","69100","69","84","22","9","2024",81389019
"LUSTUCRU FRAIS","957507536","","10.73Z","Manufacturing","Manufacturing: Food, Beverages and Tobacco","37 B RUE ST ROMAIN 69008 LYON 8EME","69008","69","84","22","8","2022",178922000
"SOGEDESCA","965507684","","70.22Z","Professional, scientific and technical activities","Professional: Legal, Consulting, Engineering","10 RUE GENERAL PLESSIER 69002 LYON","69002","69","84","32","8","2024",66625295
"EIFFAGE ENERGIE SYSTEMES - IT RHONE ALPES (EES - IT RA)","378499644","","43.21A","Construction","Construction","10 BOULEVARD MARCEL DASSAULT 69330 JONAGE","69330","69","84","21","36","2024",51578750
"ISDEL ENERGY (OMEXOM)","490281243","","43.21A","Construction","Construction","220 RUE FERDINAND PERRIER 69800 SAINT-PRIEST","69800","69","84","22","10","2024",54793888
"DEMATHIEU BARD BATIMENT SUD-EST","409714474","","41.20B","Construction","Construction","16 RUE DU 8 MAI 1945 69100 VILLEURBANNE","69100","69","84","22","8","2024",110006329
"BLEDINA (LABORATOIRE GALLIA) (BSA)","301374922","","10.51A","Manufacturing","Manufacturing: Food, Beverages and Tobacco","81 RUE SANS SOUCI 69760 LIMONEST","69760","69","84","41","9","2025",661227950
"COEXYA","433624707","","62.02A","Information and communication","Information Technology and Services","9 AV CHARLES DE GAULLE 69370 SAINT-DIDIER-AU-MONT-D OR","69370","69","84","32","11","2024",94112525
"TESSI DOCUMENTS SERVICES CENTRE DE RELATIONS CLIENTS","813438249","","82.20Z","Administrative and support service activities","Administrative and Support","BATIMENT B 13 RUE PIERRE GILLES DE GENNES 69007 LYON","69007","69","84","31","8","2024",23613746
"POLYTECHNYL","815232848","","20.16Z","Manufacturing","Manufacturing: Chemicals, Pharma and Petroleum","AVENUE ALBERT RAMBOZ 69190 SAINT-FONS","69190","69","84","22","10","2024",605241098
"XPO LOGISTICS ILE DE FRANCE (XPO IDF FR)","425090966","","52.29B","Transportation and storage","Transportation and Storage","192 AVENUE THIERS 69006 LYON","69006","69","84","NN","10","2024",73049933
"GL EVENTS LIVE","378932354","","82.30Z","Administrative and support service activities","Administrative and Support","59 QUAI RAMBAUD 69002 LYON","69002","69","84","21","52","2024",237303296
"SOLVAY OPERATIONS FRANCE","414574053","","20.13B","Manufacturing","Manufacturing: Chemicals, Pharma and Petroleum","IMMEUBLE SILEX 2 SOLVAY 9 RUE DES CUIRASSIERS 69003 LYON","69003","69","84","NN","9","2024",216835362
"BYBLOS HUMAN SECURITY GRAND-EST (BHS GRAND-EST)","908312523","","80.10Z","Administrative and support service activities","Administrative and Support","1 ALLEE DES ECUREUILS 69380 LISSIEU","69380","69","84","11","5","2024",29932500
"U10","451341465","","46.41Z","Wholesale and retail trade; repair of motor vehicles and motorcycles","Trade: Wholesale (except Motor Vehicles)","124 AVENUE DES GRANGES 69240 THIZY-LES-BOURGS","69240","69","84","22","5","2023",133571254
"EVERGREEN GARDEN CARE FRANCE SAS","830854006","","20.15Z","Manufacturing","Manufacturing: Chemicals, Pharma and Petroleum","4 ALLEE DES SEQUOIAS 69760 LIMONEST","69760","69","84","22","7","2025",151630016
"CALOR S A","956512495","","27.51Z","Manufacturing","Manufacturing: Electronics, Electrical and Machinery","PARC MAIL 112 CHEMIN DU MOULIN CARRON 69130 ECULLY","69130","69","84","22","9","2024",222160010
"LAMBERT ET VALETTE-ENTREPRISE DE TRANSPORTS","957514458","","52.29A","Transportation and storage","Transportation and Storage","27 RUE PIERRE SEMARD 69800 SAINT-PRIEST","69800","69","84","22","17","2024",84158283
"SODICHAP","502236029","","47.11F","Wholesale and retail trade; repair of motor vehicles and motorcycles","Trade: Retail (except Motor Vehicles)","PARC D'AFFAIRES VALLEE DE L'OZON 85 AVENUE DE CHAPONNAY 69970 CHAPONNAY","69970","69","84","22","4","2024",111444196
"XPO LOGISTICS NORD FRANCE (XPO NORD FR)","380631929","","49.41A","Transportation and storage","Transportation and Storage","192 AVENUE THIERS 69006 LYON","69006","69","84","NN","29","2024",99035023
"BASF AGRI PRODUCTION SAS","343979092","","20.20Z","Manufacturing","Manufacturing: Chemicals, Pharma and Petroleum","21 CHEMIN DE LA SAUVEGARDE 69130 ECULLY","69130","69","84","NN","4","2024",517869934
"MERCK BIODEVELOPMENT","351723440","","72.19Z","Professional, scientific and technical activities","Professional: Research and Development","37 RUE SAINT ROMAIN 69008 LYON","69008","69","84","NN","10","2024",93930249
"XPO LOGISTICS CENTRE FRANCE (XPO CENTRE FR)","414642272","","49.41A","Transportation and storage","Transportation and Storage","192 AVENUE THIERS 69006 LYON","69006","69","84","NN","18","2024",46492664
"SANTE CIE","812164739","","64.20Z","Financial and insurance activities","Financial and Insurance","77-79-PARKVIEW 77 BOULEVARD DE LA BATAILLE DE STALINGRAD 69100 VILLEURBANNE","69100","69","84","22","7","2024",29860523
"CLINIQUE DU PARC LYON","389565342","","86.10Z","Human health and social work activities","Human Health and Social Work","155 BOULEVARD STALINGRAD 69006 LYON","69006","69","84","31","6","2024",34856704
"BOSCH REXROTH","440233815","","46.69B","Wholesale and retail trade; repair of motor vehicles and motorcycles","Trade: Wholesale (except Motor Vehicles)","91 BOULEVARD IRENE JOLIOT CURIE 69200 VENISSIEUX","69200","69","84","22","18","2024",96766476
"GAILLOT DISTRIBUTION","320595721","","47.11F","Wholesale and retail trade; repair of motor vehicles and motorcycles","Trade: Retail (except Motor Vehicles)","ANGLE 7 ROUTE DE LYON 18 RUE DU LYONNAIS 69800 SAINT-PRIEST","69800","69","84","22","5","2024",79181996
"GROUPE LEPINE","957503642","","32.50A","Manufacturing","Manufacturing: Furniture and Other","CS 50307 175 RUE JACQUARD 69730 GENAY","69730","69","84","22","13","2024",43709093
"XPO VOLUME FRANCE REGIONAL","716280433","","49.41A","Transportation and storage","Transportation and Storage","192 AVENUE THIERS 69006 LYON","69006","69","84","NN","9","2024",54581482
"OPMOBILITY EXTERIOR SERVICES","501737472","","72.19Z","Professional, scientific and technical activities","Professional: Research and Development","19 BOULEVARD JULES CARTERET 69007 LYON","69007","69","84","NN","4","2024",241329203
"CENTUM T&S (CENTUM TECHNOLOGIES ET SOLUTIONS)","379976723","","71.12B","Professional, scientific and technical activities","Professional: Legal, Consulting, Engineering","4 CHEMIN DU RUISSEAU 69130 ECULLY","69130","69","84","22","13","2024",34461481
"SANOFI R&D VACCINS","349505370","","21.20Z","Manufacturing","Manufacturing: Chemicals, Pharma and Petroleum","14 ESPACE HENRY VALLEE 69007 LYON","69007","69","84","41","13","2024",3690000000
"GROUPE SEB MOULINEX G S M","407982214","","27.51Z","Manufacturing","Manufacturing: Electronics, Electrical and Machinery","112 CHEMIN DU MOULIN CARRON 69130 ECULLY","69130","69","84","NN","11","2024",198467421
"AALBERTS HFC COMAP SA","302304068","","28.14Z","Manufacturing","Manufacturing: Electronics, Electrical and Machinery","77-79-PARKVIEW 77 BOULEVARD DE LA BATAILLE DE STALINGRAD 69100 VILLEURBANNE","69100","69","84","22","14","2024",107323302
"GL EVENTS AUDIOVISUAL & POWER (GL EVENTS AUDIOVISUAL - GL EVENTS POWER)","317613180","","90.02Z","Arts, entertainment and recreation","Arts, Entertainment and Recreation","ZI NORD ROUTE D’IRIGNY 69530 BRIGNAIS","69530","69","84","22","12","2024",114712077
"XPO SUPPORT SERVICES FRANCE (XPO SUPPORT SERVICES FR)","440339265","","70.10Z","Professional, scientific and technical activities","Professional: Legal, Consulting, Engineering","192 AVENUE THIERS 69006 LYON","69006","69","84","21","7","2024",48033184
"CADUCEUM","799340310","","71.12B","Professional, scientific and technical activities","Professional: Legal, Consulting, Engineering","DOCKSITE 51 RUE DES DOCKS 69009 LYON","69009","69","84","31","12","2024",36466130
"MERCK SANTE","572028033","","21.20Z","Manufacturing","Manufacturing: Chemicals, Pharma and Petroleum","37 RUE SAINT ROMAIN 69008 LYON","69008","69","84","32","10","2023",625179606
"LUMAPPS","788743474","","58.29A","Information and communication","Communication: Media and Publishing","75 RUE FRANCOIS MERMET 69160 TASSIN-LA-DEMI-LUNE","69160","69","84","22","6","2024",43476094
"PERRIER","778147801","","42.11Z","Construction","Construction","13 ROUTE DE LYON 69800 SAINT-PRIEST","69800","69","84","11","10","2024",73042903
"AEROPORTS DE LYON","493425136","","52.23Z","Transportation and storage","Transportation and Storage","AEROPORT SAINT EXUPERY AEROPORT LYON ST EXUPERY 69124 COLOMBIER-SAUGNIEU","69124","69","84","32","5","2023",214046000
"COMMERCE RECHANGE AUTOMOBILES","967505660","","45.31Z","Wholesale and retail trade; repair of motor vehicles and motorcycles","Trade: Motor Vehicles and Repair","PARC D'AFFAIRES Z I  DE CHAPOTIN 69970 CHAPONNAY","69970","69","84","31","12","2024",223982214
"HOPITAL PRIVE DE L'EST LYONNAIS (H.P.E.L.)","971502596","","86.10Z","Human health and social work activities","Human Health and Social Work","140 RUE ANDRE LWOFF 69800 SAINT-PRIEST","69800","69","84","31","7","2024",35978231
"IVORY TOWER (ART & DESIGN LUDIQ)","500384227","","58.21Z","Information and communication","Communication: Media and Publishing","36 RUE DE BRUXELLES 69100 VILLEURBANNE","69100","69","84","32","5","2024",20778038
"CENTRE ETUDES EUROPEEN RHONE ALPES","378153514","","85.42Z","Education","Education","25 RUE DE L'UNIVERSITE 69007 LYON","69007","69","84","32","4","2023",54069289
"FRANCE OFFSET TYPO (FOT)","382104172","","18.12Z","Manufacturing","Manufacturing: Wood, Paper and Printing","ZAC SATOLAS GREEN 69330 PUSIGNAN","69330","69","84","22","5","2015",40962185
"SEB DEVELOPPEMENT","016950842","","70.10Z","Professional, scientific and technical activities","Professional: Legal, Consulting, Engineering","CS 90229 112 CHEMIN DU MOULIN CARRON 69130 ECULLY","69130","69","84","42","4","2024",414978103
"APRIL - SANTE PREVOYANCE","428702419","","66.22Z","Financial and insurance activities","Financial and Insurance","12 RUE JULIETTE RECAMIER 69006 LYON","69006","69","84","NN","14","2024",302419000
"PERCALL","431939990","","62.02A","Information and communication","Information Technology and Services","4 RUE PAUL MONTROCHET 69002 LYON","69002","69","84","01","9","2024",29912680
"STEF LOGISTIQUE BRIGNAIS","828985911","","52.29B","Transportation and storage","Transportation and Storage","ZONE INDUSTRIELLE SUD LES RONZIERES CHEMIN DES VIEILLES VIGNES 69530 BRIGNAIS","69530","69","84","22","4","2024",42200704
"BABOLAT VS","552131401","","46.49Z","Wholesale and retail trade; repair of motor vehicles and motorcycles","Trade: Wholesale (except Motor Vehicles)","33 QUAI PAUL SEDALLIAN 69009 LYON","69009","69","84","22","5","2021",176933239
"MATERNE","398404194","","10.39B","Manufacturing","Manufacturing: Food, Beverages and Tobacco","45 CHEMIN DES PEUPLIERS 69570 DARDILLY","69570","69","84","31","10","2024",362967367
"VIATRIS SANTE","399295385","","46.46Z","Wholesale and retail trade; repair of motor vehicles and motorcycles","Trade: Wholesale (except Motor Vehicles)","1 RUE DE TURIN 69007 LYON","69007","69","84","41","8","2024",1648144856
"LABORATOIRE AGUETTANT","447800210","","21.20Z","Manufacturing","Manufacturing: Chemicals, Pharma and Petroleum","1 RUE ALEXANDER FLEMING 69007 LYON","69007","69","84","32","4","2024",247684636
"FULLL (FULLL)","443516877","","58.29C","Information and communication","Communication: Media and Publishing","14 RUE RHIN ET DANUBE 69009 LYON","69009","69","84","22","10","2024",25385957
"VENCOREX FRANCE","444187884","","20.14Z","Manufacturing","Manufacturing: Chemicals, Pharma and Petroleum","196 ALLEE ALEXANDRE BORODINE 69800 SAINT-PRIEST","69800","69","84","12","8","2023",270677646
"TEAMWORK MANAGEMENT FRANCE (TEAMWORK FRANCE)","478368871","","62.02A","Information and communication","Information Technology and Services","1 RUE JEAN CARMET 69800 SAINT-PRIEST","69800","69","84","32","7","2024",100803895
"RHON'TELECOM (UDC)","753942416","","71.12B","Professional, scientific and technical activities","Professional: Legal, Consulting, Engineering","PARC MAIL BATIMENT H 523 COURS DU TROISIEME MILLENAIRE 69800 SAINT-PRIEST","69800","69","84","32","6","2024",124796636
"FACEO FM CENTRE EST","537934671","","71.12B","Professional, scientific and technical activities","Professional: Legal, Consulting, Engineering","51 RUE DU DAUPHINE 69800 SAINT-PRIEST","69800","69","84","NN","6","2024",39480951
"PLASTIC OMNIUM COMPOSITES","306348632","","29.32Z","Manufacturing","Manufacturing: Transport Equipment","19 BOULEVARD JULES CARTERET 69007 LYON","69007","69","84","NN","11","2024",45076061
"GREZDIS","339848954","","47.11F","Wholesale and retail trade; repair of motor vehicles and motorcycles","Trade: Retail (except Motor Vehicles)","5 RUE LAUNAY 69290 GREZIEU-LA-VARENNE","69290","69","84","22","3","2024",118049529
"XPO VOLUME FRANCE NATIONAL","341152833","","49.41A","Transportation and storage","Transportation and Storage","192 AVENUE THIERS 69006 LYON","69006","69","84","NN","18","2024",80680899
"FORVIS MAZARS","351497649","","69.20Z","Professional, scientific and technical activities","Professional: Legal, Consulting, Engineering","109 RUE TETE D'OR 69006 LYON","69006","69","84","31","9","2025",43022544
"SYENSQO FRANCE","352170161","","70.10Z","Professional, scientific and technical activities","Professional: Legal, Consulting, Engineering","IMMEUBLE SILEX 2 SOLVAY 9 RUE DES CUIRASSIERS 69003 LYON","69003","69","84","NN","8","2024",720020402
"OPMOBILITY GESTION","410314207","","82.99Z","Administrative and support service activities","Administrative and Support","19 BOULEVARD JULES CARTERET 69007 LYON","69007","69","84","NN","6","2024",146575343
"KINGSPAN LIGHT AIR (ECODIS)","302565544","","22.23Z","Manufacturing","Manufacturing: Rubber, Plastic and Minerals","31 RUE NICEPHORE NIEPCE 69800 SAINT-PRIEST","69800","69","84","32","7","2024",67555952
"GRAVOTECH MARKING (GII)","334818515","","71.12B","Professional, scientific and technical activities","Professional: Legal, Consulting, Engineering","ZI PERICA LES MERCIERES 466 RUE DES MERCIERES 69140 RILLIEUX-LA-PAPE","69140","69","84","22","12","2025",32802583
"STRYKER FRANCE SA","333710275","","46.46Z","Wholesale and retail trade; repair of motor vehicles and motorcycles","Trade: Wholesale (except Motor Vehicles)","ZONE D'AMENAGEMENT CONCERTE AVENUE SATOLAS GREEN 69330 PUSIGNAN","69330","69","84","41","9","2024",351872006
"NEUDIS LECLERC","306986027","","47.11F","Wholesale and retail trade; repair of motor vehicles and motorcycles","Trade: Retail (except Motor Vehicles)","ZI LYON NORD LD VERS LA PLANCHE RUE AMPERE 69730 GENAY","69730","69","84","22","3","2024",81627436
"GROUPE SEB FRANCE","440410637","","46.49Z","Wholesale and retail trade; repair of motor vehicles and motorcycles","Trade: Wholesale (except Motor Vehicles)","112 CHEMIN DU MOULIN CARRON 69130 ECULLY","69130","69","84","32","15","2024",769992118
"ELKEM SILICONES FRANCE SAS","420611386","","20.16Z","Manufacturing","Manufacturing: Chemicals, Pharma and Petroleum","9 RUE SPECIA 69190 SAINT-FONS","69190","69","84","22","10","2024",412275549
"CA-NOUVELLES EXPERTISES & OPERATIONS (CA-NEOPS)","814357091","","63.11Z","Information and communication","Information Technology and Services","590 ALLEE DES HETRES 69760 LIMONEST","69760","69","84","21","5","2024",23818291
"EARLY MAKERS GROUP","841892037","","85.42Z","Education","Education","144 AVENUE JEAN JAURES 69007 LYON","69007","69","84","NN","5","2024",121498290
"CONSULTYS RA","482062585","","71.12B","Professional, scientific and technical activities","Professional: Legal, Consulting, Engineering","3 PLACE DE LA BOURSE 69002 LYON","69002","69","84","31","5","2024",25253596
"CLAYENS","500212188","","70.10Z","Professional, scientific and technical activities","Professional: Legal, Consulting, Engineering","ZI 10 RUE JEAN ROSTAND 69740 GENAS","69740","69","84","32","3","2018",275907180
"CHARLES RIVER LABORATOIRE FRANCE CRLF (CRLF)","086650041","","72.19Z","Professional, scientific and technical activities","Professional: Research and Development","327 IMPASSE DU DOMAINE ROZIER 69210 SAINT-GERMAIN-NUELLES","69210","69","84","32","7","2024",70765827
"STEF LOGISTIQUE GIVORS","342489945","","52.29B","Transportation and storage","Transportation and Storage","ZAC DE LA VALLEE DU GIER RUE DE LA DEMOCRATIE 69700 GIVORS","69700","69","84","31","11","2024",45609115
"OPTEVEN SERVICES","333375426","","82.99Z","Administrative and support service activities","Administrative and Support","10 RUE OLYMPE DE GOUGES 69100 VILLEURBANNE","69100","69","84","32","6","2024",153123517
"CIVRIDIS","323086827","","47.11F","Wholesale and retail trade; repair of motor vehicles and motorcycles","Trade: Retail (except Motor Vehicles)","473 ROUTE DE LA VALLEE 69380 CIVRIEUX-D'AZERGUES","69380","69","84","32","2","2024",116624727
"BOBST LYON","301165841","","28.95Z","Manufacturing","Manufacturing: Electronics, Electrical and Machinery","3 RUE EDISON 69500 BRON","69500","69","84","41","5","2024",398345024
"ARROW GENERIQUES (LABORATOIRE ARROW)","433944485","","46.46Z","Wholesale and retail trade; repair of motor vehicles and motorcycles","Trade: Wholesale (except Motor Vehicles)","26 AVENUE TONY GARNIER 69007 LYON","69007","69","84","31","3","2024",310400928
"ENSTO NOVEXIA","432056927","","27.12Z","Manufacturing","Manufacturing: Electronics, Electrical and Machinery","210 RUE LEON JOUHAUX 69400 VILLEFRANCHE-SUR-SAONE","69400","69","84","22","5","2024",69240997
"EMALEC","423831437","","43.21A","Construction","Construction","RUE DU CHAPOLY 69290 SAINT-GENIS-LES-OLLIERES","69290","69","84","31","7","2024",45503168
"GATTEFOSSE SAS","389586900","","20.14Z","Manufacturing","Manufacturing: Chemicals, Pharma and Petroleum","CS 70070 36 CHEMIN DE GENAS 69800 SAINT-PRIEST","69800","69","84","31","4","2024",111393681
"STEF TRANSPORT LYON (STEF)","410254742","","49.41A","Transportation and storage","Transportation and Storage","81 CHEMIN DE LA MOUCHE 69230 SAINT-GENIS-LAVAL","69230","69","84","22","4","2024",53881342
"EATON EMOBILITY FRANCE (MARTEK POWER)","404969552","","27.90Z","Manufacturing","Manufacturing: Electronics, Electrical and Machinery","196 RUE DE L'INDUSTRIE 69770 MONTROTTIER","69770","69","84","31","10","2024",83022600
"BOSCH REXROTH D.S.I.","440233864","","28.12Z","Manufacturing","Manufacturing: Electronics, Electrical and Machinery","91 BOULEVARD IRENE JOLIOT CURIE 69200 VENISSIEUX","69200","69","84","32","2","2023",142363119
"HOMESERVE","438424384","","66.22Z","Financial and insurance activities","Financial and Insurance","9 RUE ANNA MARLY 69007 LYON","69007","69","84","32","9","2024",142433307
"CITINEA","954500088","","41.20B","Construction","Construction","26 RUE DE LA VILLETTE 69003 LYON","69003","69","84","NN","11","2024",181903630
"ETABLISSEMENTS GINDRE DUCHAVANY","955508817","","24.44Z","Manufacturing","Manufacturing: Basic Metals and Fabricated Products","131 RUE DE CREQUI 69006 LYON","69006","69","84","NN","4","2024",408053000
"JTEKT EUROPE","967505967","","29.32Z","Manufacturing","Manufacturing: Transport Equipment","ZONE INDUSTRIELLE RUE DU BROTEAU 69540 IRIGNY","69540","69","84","42","7","2024",850033000
"CHLORIDE","712035401","","27.90Z","Manufacturing","Manufacturing: Electronics, Electrical and Machinery","30 AVENUE DES FRERES MONTGOLFIER 69680 CHASSIEU","69680","69","84","32","5","2024",77194486
"BAYARD","316222595","","28.14Z","Manufacturing","Manufacturing: Electronics, Electrical and Machinery","ZONE INDUSTRIELLE 4 AVENUE LIONEL TERRAY 69330 MEYZIEU","69330","69","84","31","12","2025",93510928
"CLINIQUE IRIS-MARCY L'ETOILE","972500508","","86.10Z","Human health and social work activities","Human Health and Social Work","271 RUE DES SOURCES 69280 MARCY-L'ETOILE","69280","69","84","22","4","2024",31020693
"ELORA","340416312","","47.99A","Wholesale and retail trade; repair of motor vehicles and motorcycles","Trade: Retail (except Motor Vehicles)","590 ALLEE DES HETRES 69760 LIMONEST","69760","69","84","11","11","2024",30899165
"BFF","350326484","","10.39A","Manufacturing","Manufacturing: Food, Beverages and Tobacco","38 RUE DE L’AVENIR 69740 GENAS","69740","69","84","22","7","2023",107646776
"CONTITECH ANOFLEX SNC","410279533","","22.19Z","Manufacturing","Manufacturing: Rubber, Plastic and Minerals","2-12 2 AVENUE BARTHELEMY THIMONNIER 69300 CALUIRE-ET-CUIRE","69300","69","84","32","8","2024",74834070
"GLV VEV","947952487","","47.11F","Wholesale and retail trade; repair of motor vehicles and motorcycles","Trade: Retail (except Motor Vehicles)","13 RUE SAINT FULBERT 69008 LYON","69008","69","84","NN","2","2024",83113572
"EURONEWS (EURONEWS) (EURONEWS)","387858046","","60.20B","Information and communication","Communication: Media and Publishing","56 QUAI RAMBAUD 69002 LYON","69002","69","84","32","3","2024",58263909
"SA ESKER (ESKER)","331518498","","58.29C","Information and communication","Communication: Media and Publishing","113 BOULEVARD DE LA BATAILLE DE STALINGRAD 69100 VILLEURBANNE","69100","69","84","32","7","2023",178554000
"CRL (COURRIERS RHODANIENS LYON)","334214350","","49.39B","Transportation and storage","Transportation and Storage","23 RUE DE L'AVENIR 69740 GENAS","69740","69","84","NN","9","2024",28314540
"CHARLES RIVER LABORATORIES FRANCE SAFETY ASSESSMENT (IFT)","323840645","","72.19Z","Professional, scientific and technical activities","Professional: Research and Development","LES ONCINS 329 IMPASSE DU DOMAINE ROZIER 69210 SAINT-GERMAIN-NUELLES","69210","69","84","41","2","2024",99419822
"ACTA (ARC EUROPE FRANCE)","385107180","","82.99Z","Administrative and support service activities","Administrative and Support","LES TUILERIES 69760 LIMONEST","69760","69","84","32","4","2024",92241594
"VIGNAL SYSTEMS","450324868","","27.40Z","Manufacturing","Manufacturing: Electronics, Electrical and Machinery","19 AVENUE DU 24 AOUT 1944 69960 CORBAS","69960","69","84","32","4","2024",98921901
"GAMBRO INDUSTRIES","339488777","","32.50A","Manufacturing","Manufacturing: Furniture and Other","7 AVENUE LIONEL TERRAY 69330 MEYZIEU","69330","69","84","41","5","2024",133903777
"RESMED","407775170","","46.46Z","Wholesale and retail trade; repair of motor vehicles and motorcycles","Trade: Wholesale (except Motor Vehicles)","PARC TECHNOLOGIQUE DE LYON 292 ALLEE JACQUES MONOD 69800 SAINT-PRIEST","69800","69","84","32","5","2024",229466454
"CHARLES PERROUD (DALLOZ JOAILLERIE)","301166138","","32.12Z","Manufacturing","Manufacturing: Furniture and Other","LE CHARPENAY 69210 LENTILLY","69210","69","84","32","2","2023",72152842
"NAOS FRANCE (NAOS FRANCE)","817485725","","46.45Z","Wholesale and retail trade; repair of motor vehicles and motorcycles","Trade: Wholesale (except Motor Vehicles)","IMMEUBLE NEW AGE 141 COURS GAMBETTA 69003 LYON","69003","69","84","NN","3","2024",148799199
"EIFFAGE CONSTRUCTION RHONE LOIRE","799374178","","41.20B","Construction","Construction","3 RUE HRANT DINK 69002 LYON","69002","69","84","22","3","2025",61662292
"OPMOBILITY C-POWER ALPHATECH","519512495","","71.12B","Professional, scientific and technical activities","Professional: Legal, Consulting, Engineering","19 BOULEVARD JULES CARTERET 69007 LYON","69007","69","84","NN","2","2024",62315719
"ABYLSEN ST-RA","481277911","","71.12B","Professional, scientific and technical activities","Professional: Legal, Consulting, Engineering","92 COURS VITTON 69006 LYON","69006","69","84","32","4","2024",54375971
"EUROFINS BIOMNIS (EUROFINS BIOMNIS)","493519904","","86.90B","Human health and social work activities","Human Health and Social Work","17-19 17 AVENUE TONY GARNIER 69007 LYON","69007","69","84","32","5","2024",175409761
"TECALEMIT AEROSPACE LUCEAU","840146229","","30.30Z","Manufacturing","Manufacturing: Transport Equipment","ZA DU PARC DES BOSS 9 ROUTE DU DOME 69630 CHAPONOST","69630","69","84","NN","2","2024",38744299
"SOCIETE COATEX","971509070","","20.16Z","Manufacturing","Manufacturing: Chemicals, Pharma and Petroleum","ZI LYON NORD 35 RUE AMPERE 69730 GENAY","69730","69","84","22","3","2025",121802714
"MHP-MEDIPOLE HOPITAL PRIVE","493466783","","86.10Z","Human health and social work activities","Human Health and Social Work","CS 60279 158 RUE LEON BLUM 69100 VILLEURBANNE","69100","69","84","41","5","2024",93507758
"CLINIQUE DE LA SAUVEGARDE","509674008","","86.10Z","Human health and social work activities","Human Health and Social Work","LIEUDIT 113 AV DAVID BEN GOURION 69009 LYON 9EME","69009","69","84","32","2","2024",76056748
"FONDERIE VENISSIEUX","477566533","","24.51Z","Manufacturing","Manufacturing: Basic Metals and Fabricated Products","AV PIERRE COT 69200 VENISSIEUX","69200","69","84","31","2","2025",56287808
"MEYZIEUDIS","379633522","","47.11F","Wholesale and retail trade; repair of motor vehicles and motorcycles","Trade: Retail (except Motor Vehicles)","RUE DE LA REPUBLIQUE 69330 MEYZIEU","69330","69","84","31","3","2024",91349886
"OPTEVEN ASSURANCES","379954886","","65.12Z","Financial and insurance activities","Financial and Insurance","10 RUE OLYMPE DE GOUGES 69100 VILLEURBANNE","69100","69","84","32","4","2024",153123517
"SAINT JEAN INDUSTRIES","395047426","","24.53Z","Manufacturing","Manufacturing: Basic Metals and Fabricated Products","180 RUE DES FRERES LUMIERE 69220 BELLEVILLE-EN-BEAUJOLAIS","69220","69","84","32","2","2024",273591000
"FG MANUFACTURE","437573082","","32.12Z","Manufacturing","Manufacturing: Furniture and Other","34 RUE DE VERDUN 69100 VILLEURBANNE","69100","69","84","32","4","2024",57227754
"LR HEALTH & BEAUTY SYSTEMS SAS","529089526","","46.45Z","Wholesale and retail trade; repair of motor vehicles and motorcycles","Trade: Wholesale (except Motor Vehicles)","CITE PARK BAT C 23 AVENUE DE POUMEYROL 69300 CALUIRE-ET-CUIRE","69300","69","84","32","2","2024",24798829
"KEOLIS AUTOCARS PLANCHE","403070154","","49.39A","Transportation and storage","Transportation and Storage","RUE DU CHAMP DU GARET 69400 ARNAS","69400","69","84","32","10","2024",45683178
"INEO RESEAUX HAUTE TENSION (INEO R H T)","409751278","","42.22Z","Construction","Construction","LE PERIPHERIQUE 16 RUE DES BROSSES 69100 VILLEURBANNE","69100","69","84","32","15","2024",70565026
"WURTH ELEKTRONIK FRANCE","955505094","","46.52Z","Wholesale and retail trade; repair of motor vehicles and motorcycles","Trade: Wholesale (except Motor Vehicles)","1861 AVENUE HENRI SCHNEIDER 69330 JONAGE","69330","69","84","32","3","2024",84810550
"ASTRA PLASTIQUE SAS","643780380","","22.22Z","Manufacturing","Manufacturing: Rubber, Plastic and Minerals","BOULEVARD NAPOLEON BULLUKIAN 69830 SAINT-GEORGES-DE-RENEINS","69830","69","84","31","1","2025",77612618
"HOPITAL PRIVE JEAN MERMOZ","778137877","","86.10Z","Human health and social work activities","Human Health and Social Work","55 AVENUE JEAN MERMOZ 69008 LYON","69008","69","84","41","7","2024",83013846
"TOOLSTATION","800716953","","46.74A","Wholesale and retail trade; repair of motor vehicles and motorcycles","Trade: Wholesale (except Motor Vehicles)","75 COURS ALBERT THOMAS 69003 LYON","69003","69","84","NN","56","2024",20597088
"POLYCLINIQUE LYON NORD","844750679","","86.10Z","Human health and social work activities","Human Health and Social Work","65 RUE DES CONTAMINES 69140 RILLIEUX-LA-PAPE","69140","69","84","31","2","2024",30616627
"REMOTE TECHNOLOGY SERVICES FRANCE","889598462","","70.22Z","Professional, scientific and technical activities","Professional: Legal, Consulting, Engineering","27 RUE MAURICE FLANDIN 69003 LYON","69003","69","84","41","2","2024",136552074
"HOPITAL PRIVE NATECIA","348384330","","86.10Z","Human health and social work activities","Human Health and Social Work","22 AVENUE ROCKEFELLER 69008 LYON","69008","69","84","32","4","2024",24157493
"VALSERVE","350811097","","28.14Z","Manufacturing","Manufacturing: Electronics, Electrical and Machinery","90 RUE CHALLEMEL LACOUR 69007 LYON","69007","69","84","32","3","2024",76679741
"MONTABERT","397482647","","28.92Z","Manufacturing","Manufacturing: Electronics, Electrical and Machinery","203 ROUTE DE GRENOBLE 69800 SAINT-PRIEST","69800","69","84","32","1","2024",128863948
"CLINIQUE DU VAL D'OUEST VENDOME","392721205","","86.10Z","Human health and social work activities","Human Health and Social Work","39 CHEMIN DE LA VERNIQUE 69130 ECULLY","69130","69","84","32","1","2024",39450868
"JST TRANSFORMATEURS","342368479","","27.11Z","Manufacturing","Manufacturing: Electronics, Electrical and Machinery","84 AVENUE PAUL SANTY 69008 LYON","69008","69","84","31","1","2025",86690000
"VILLE PERE ET FILS","342384252","","49.41B","Transportation and storage","Transportation and Storage","25 CHEMIN DE LA RENAUDIERE 69850 SAINT-MARTIN-EN-HAUT","69850","69","84","32","3","2024",34495286
"STAUBLI LYON","328103981","","28.94Z","Manufacturing","Manufacturing: Electronics, Electrical and Machinery","CS 20029 31 RUE DES FRERES LUMIERE 69680 CHASSIEU","69680","69","84","31","1","2024",98134495
"POLYCLINIQUE DU BEAUJOLAIS","305111023","","86.10Z","Human health and social work activities","Human Health and Social Work","120 ANCIENNE ROUTE DE BEAUJEU 69400 ARNAS","69400","69","84","31","1","2024",28008827
"AVIAPARTNER LYON","388007882","","52.23Z","Transportation and storage","Transportation and Storage","AEROGARE PASSAGERS AEROPORT LYON ST EXUPERY 69124 COLOMBIER-SAUGNIEU","69124","69","84","32","7","2024",22485304
"MONDIAL FRIGO-IFC (MONDIAL FRIGO ET IFC)","342751690","","33.20B","Manufacturing","Manufacturing: Furniture and Other","PARC D AFFAIRES LA BANDONNIERE  5 ET 7 5 RUE MAURICE AUDIBERT 69800 SAINT-PRIEST","69800","69","84","32","11","2024",58327261
"CLINIQUE TRENEL","779725753","","86.10Z","Human health and social work activities","Human Health and Social Work","575 RUE DU DOCTEUR TRENEL 69560 SAINTE-COLOMBE","69560","69","84","31","1","2024",23771133
"ROIRET SERVICES","501144646","","43.21A","Construction","Construction","51 RUE DU DAUPHINE 69800 SAINT-PRIEST","69800","69","84","NN","5","2024",30582122
"CEGELEC MOBILITY","537908311","","43.21A","Construction","Construction","22 AVENUE LIONEL TERRAY 69330 JONAGE","69330","69","84","31","4","2024",48104351
"ATELIERS A.S.","954503843","","18.12Z","Manufacturing","Manufacturing: Wood, Paper and Printing","131 RUE HENRI BARBUSSE (PIERRE-BENITE) 69310 OULLINS-PIERRE-BENITE","69310","69","84","31","3","2024",35527433
"SANDVIK MINING AND CONSTRUCTION LYON SAS","955509153","","28.92Z","Manufacturing","Manufacturing: Electronics, Electrical and Machinery","ZONE INDUSTRIELLE 19 AVENUE DU MARECHAL DE LATTRE DE TASSIGNY 69330 MEYZIEU","69330","69","84","31","2","2024",116789064
"MERSEN FRANCE SB SAS","955511217","","27.12Z","Manufacturing","Manufacturing: Electronics, Electrical and Machinery","15 RUE VAUCANSON 69720 SAINT-BONNET-DE-MURE","69720","69","84","32","12","2024",138971001
"FRESENIUS MEDICAL CARE - SMAD (FMC-SMAD)","967501685","","32.50A","Manufacturing","Manufacturing: Furniture and Other","Z.I. DE LA PONTCHONNIERE ROUTE DE LA CHANADE 69210 SAVIGNY","69210","69","84","41","2","2024",286407515
"PIMAN CONSULTANTS (PIMAN CONSULTANTS - PIMAN IT- UPSTEP)","510544497","","71.12B","Professional, scientific and technical activities","Professional: Legal, Consulting, Engineering","CELTIC PARC AVALON 2 304 ROUTE DEPARTEMENTALE 306 69760 LIMONEST","69760","69","84","32","3","2024",42857367
"ZOLPAN","301621884","","46.73B","Wholesale and retail trade; repair of motor vehicles and motorcycles","Trade: Wholesale (except Motor Vehicles)","17 QUAI JOSEPH GILLET 69004 LYON","69004","69","84","01","178","2024",161481014
"POLYEXPERT RHONE ALPES AUVERGNE","403208358","","66.21Z","Financial and insurance activities","Financial and Insurance","IMMEUBLE KBIS 4 RUE MAURICE MOISSONNIER 69120 VAULX-EN-VELIN","69120","69","84","21","25","2022",29026117
"S R P POLYSERVICES","444251706","","81.29B","Administrative and support service activities","Administrative and Support","378 AVENUE DE L'INDUSTRIE 69140 RILLIEUX-LA-PAPE","69140","69","84","32","9","2024",21529078
"SARP-OSIS SUD EST","957528474","","37.00Z","Water supply; sewerage, waste management and remediation activities","Water, Waste and Remediation","40 RUE ANDRE CHENIER 69120 VAULX-EN-VELIN","69120","69","84","03","91","2024",58544755
"TC CONCEPT","799283254","","46.72Z","Wholesale and retail trade; repair of motor vehicles and motorcycles","Trade: Wholesale (except Motor Vehicles)","4 QUAI DES ETROITS 69005 LYON","69005","69","84","NN","32","2024",87828330
"LES INTERIMAIRES PROFESSIONNELS - LIP (LES INTERIMAIRES PROFESSIONNELS - LIP)","879428050","","78.20Z","Administrative and support service activities","Administrative and Support","18 IMPASSE DE L'ASPHALTE 69007 LYON","69007","69","84","22","257","2023",438272177
